{"initial_reset_timestamp": 1581872390.3276281, "timestamps": [1581872399.992349], "episode_lengths": [200], "episode_rewards": [200.0], "episode_types": ["t"]}